-- phpMyAdmin SQL Dump
-- version 4.4.10
-- http://www.phpmyadmin.net
--
-- Host: localhost:3306
-- Generation Time: Jan 05, 2016 at 08:19 PM
-- Server version: 5.5.42
-- PHP Version: 5.6.10

SET SQL_MODE = "NO_AUTO_VALUE_ON_ZERO";
SET time_zone = "+00:00";

--
-- Database: `aqi`
--

-- --------------------------------------------------------

--
-- Table structure for table `aqi_city`
--

CREATE TABLE `aqi_city` (
  `id` int(11) NOT NULL,
  `name` varchar(50) NOT NULL
) ENGINE=InnoDB DEFAULT CHARSET=utf8;

--
-- Dumping data for table `aqi_city`
--

INSERT INTO `aqi_city` (`id`, `name`) VALUES
(1, '武汉市');

-- --------------------------------------------------------

--
-- Table structure for table `aqi_data`
--

CREATE TABLE `aqi_data` (
  `id` int(11) NOT NULL,
  `city` int(11) NOT NULL,
  `datetime` date NOT NULL,
  `num` int(11) NOT NULL,
  `rank` int(11) NOT NULL,
  `pollutant` int(11) NOT NULL
) ENGINE=InnoDB AUTO_INCREMENT=185 DEFAULT CHARSET=utf8;

--
-- Dumping data for table `aqi_data`
--

INSERT INTO `aqi_data` (`id`, `city`, `datetime`, `num`, `rank`, `pollutant`) VALUES
(1, 1, '2015-12-31', 159, 4, 1),
(2, 1, '2015-12-30', 211, 5, 1),
(3, 1, '2015-12-29', 162, 4, 1),
(4, 1, '2015-12-28', 128, 3, 1),
(5, 1, '2015-12-27', 185, 4, 1),
(6, 1, '2015-12-26', 179, 4, 1),
(7, 1, '2015-12-25', 334, 6, 1),
(8, 1, '2015-12-24', 208, 5, 1),
(9, 1, '2015-12-23', 220, 5, 1),
(10, 1, '2015-12-22', 145, 3, 1),
(11, 1, '2015-12-21', 107, 3, 1),
(12, 1, '2015-12-20', 129, 3, 1),
(13, 1, '2015-12-19', 140, 3, 1),
(14, 1, '2015-12-18', 97, 2, 1),
(15, 1, '2015-12-17', 80, 2, 0),
(16, 1, '2015-12-16', 55, 2, 2),
(17, 1, '2015-12-15', 61, 2, 2),
(18, 1, '2015-12-14', 149, 3, 1),
(19, 1, '2015-12-13', 159, 4, 1),
(20, 1, '2015-12-12', 307, 6, 1),
(21, 1, '2015-12-11', 293, 5, 1),
(22, 1, '2015-12-10', 201, 5, 1),
(23, 1, '2015-12-09', 98, 2, 1),
(24, 1, '2015-12-08', 95, 2, 1),
(25, 1, '2015-12-07', 85, 2, 1),
(26, 1, '2015-12-06', 89, 2, 1),
(27, 1, '2015-12-05', 77, 2, 2),
(28, 1, '2015-12-04', 64, 2, 2),
(29, 1, '2015-12-03', 104, 3, 2),
(30, 1, '2015-12-02', 115, 3, 2),
(31, 1, '2015-12-01', 80, 2, 1),
(32, 1, '2015-11-30', 129, 3, 1),
(33, 1, '2015-11-29', 123, 3, 1),
(34, 1, '2015-11-28', 115, 3, 1),
(35, 1, '2015-11-27', 75, 2, 0),
(36, 1, '2015-11-26', 63, 2, 1),
(37, 1, '2015-11-25', 84, 2, 1),
(38, 1, '2015-11-24', 30, 1, 0),
(39, 1, '2015-11-23', 33, 1, 0),
(40, 1, '2015-11-22', 63, 2, 1),
(41, 1, '2015-11-21', 77, 2, 1),
(42, 1, '2015-11-20', 70, 2, 1),
(43, 1, '2015-11-19', 60, 2, 1),
(44, 1, '2015-11-18', 50, 1, 0),
(45, 1, '2015-11-17', 67, 2, 1),
(46, 1, '2015-11-16', 68, 2, 1),
(47, 1, '2015-11-15', 67, 2, 1),
(48, 1, '2015-11-14', 75, 2, 1),
(49, 1, '2015-11-13', 65, 2, 1),
(50, 1, '2015-11-12', 74, 2, 1),
(51, 1, '2015-11-11', 127, 3, 1),
(52, 1, '2015-11-10', 100, 2, 1),
(53, 1, '2015-11-09', 95, 2, 1),
(54, 1, '2015-11-08', 64, 2, 1),
(55, 1, '2015-11-07', 35, 1, 0),
(56, 1, '2015-11-06', 68, 2, 0),
(57, 1, '2015-11-05', 87, 2, 1),
(58, 1, '2015-11-04', 114, 3, 1),
(59, 1, '2015-11-03', 97, 2, 1),
(60, 1, '2015-11-02', 87, 2, 0),
(61, 1, '2015-11-01', 84, 2, 1),
(62, 1, '2015-10-31', 68, 2, 1),
(63, 1, '2015-10-30', 153, 4, 1),
(64, 1, '2015-10-29', 45, 1, 0),
(65, 1, '2015-10-28', 69, 2, 0),
(66, 1, '2015-10-27', 60, 2, 2),
(67, 1, '2015-10-26', 114, 3, 1),
(68, 1, '2015-10-25', 137, 3, 1),
(69, 1, '2015-10-24', 150, 3, 1),
(70, 1, '2015-10-23', 145, 3, 1),
(71, 1, '2015-10-22', 99, 2, 1),
(72, 1, '2015-10-21', 108, 3, 1),
(73, 1, '2015-10-20', 105, 3, 0),
(74, 1, '2015-10-19', 103, 3, 0),
(75, 1, '2015-10-18', 144, 3, 1),
(76, 1, '2015-10-17', 129, 3, 1),
(77, 1, '2015-10-16', 139, 3, 1),
(78, 1, '2015-10-15', 139, 3, 1),
(79, 1, '2015-10-14', 113, 3, 1),
(80, 1, '2015-10-13', 111, 3, 2),
(81, 1, '2015-10-12', 106, 3, 0),
(82, 1, '2015-10-11', 100, 2, 1),
(83, 1, '2015-10-10', 85, 2, 2),
(84, 1, '2015-10-09', 62, 2, 2),
(85, 1, '2015-10-08', 49, 1, 0),
(86, 1, '2015-10-07', 40, 1, 0),
(87, 1, '2015-10-06', 72, 2, 1),
(88, 1, '2015-10-05', 105, 3, 1),
(89, 1, '2015-10-04', 94, 2, 2),
(90, 1, '2015-10-03', 110, 3, 2),
(91, 1, '2015-10-02', 106, 3, 2),
(92, 1, '2015-10-01', 66, 2, 2),
(93, 1, '2015-09-30', 46, 1, 0),
(94, 1, '2015-09-29', 60, 2, 2),
(95, 1, '2015-09-28', 118, 3, 3),
(96, 1, '2015-09-27', 120, 3, 3),
(97, 1, '2015-09-26', 83, 2, 3),
(98, 1, '2015-09-25', 56, 2, 2),
(99, 1, '2015-09-24', 73, 2, 1),
(100, 1, '2015-09-23', 89, 2, 3),
(101, 1, '2015-09-22', 82, 2, 1),
(102, 1, '2015-09-21', 123, 3, 3),
(103, 1, '2015-09-20', 99, 2, 3),
(104, 1, '2015-09-19', 58, 2, 0),
(105, 1, '2015-09-18', 62, 2, 0),
(106, 1, '2015-09-17', 80, 2, 2),
(107, 1, '2015-09-16', 110, 3, 3),
(108, 1, '2015-09-15', 109, 3, 3),
(109, 1, '2015-09-14', 122, 3, 3),
(110, 1, '2015-09-13', 78, 2, 3),
(111, 1, '2015-09-12', 69, 2, 0),
(112, 1, '2015-09-11', 68, 2, 2),
(113, 1, '2015-09-10', 146, 3, 3),
(114, 1, '2015-09-09', 135, 3, 3),
(115, 1, '2015-09-08', 125, 3, 3),
(116, 1, '2015-09-07', 96, 2, 3),
(117, 1, '2015-09-06', 81, 2, 3),
(118, 1, '2015-09-05', 64, 2, 3),
(119, 1, '2015-09-04', 68, 2, 2),
(120, 1, '2015-09-03', 129, 3, 3),
(121, 1, '2015-09-02', 108, 3, 3),
(122, 1, '2015-09-01', 100, 2, 3),
(123, 1, '2015-08-31', 124, 3, 3),
(124, 1, '2015-08-30', 132, 3, 3),
(125, 1, '2015-08-29', 146, 3, 3),
(126, 1, '2015-08-28', 112, 3, 3),
(127, 1, '2015-08-27', 158, 4, 3),
(128, 1, '2015-08-26', 138, 3, 3),
(129, 1, '2015-08-25', 98, 2, 3),
(130, 1, '2015-08-23', 104, 3, 3),
(131, 1, '2015-08-22', 110, 3, 3),
(132, 1, '2015-08-21', 92, 2, 3),
(133, 1, '2015-08-20', 67, 2, 3),
(134, 1, '2015-08-19', 51, 2, 2),
(135, 1, '2015-08-18', 101, 3, 3),
(136, 1, '2015-08-17', 130, 3, 3),
(137, 1, '2015-08-16', 113, 3, 3),
(138, 1, '2015-08-15', 69, 2, 2),
(139, 1, '2015-08-14', 134, 3, 3),
(140, 1, '2015-08-13', 102, 3, 3),
(141, 1, '2015-08-12', 74, 2, 3),
(142, 1, '2015-08-11', 39, 1, 0),
(143, 1, '2015-08-10', 23, 1, 0),
(144, 1, '2015-08-09', 47, 1, 0),
(145, 1, '2015-08-08', 70, 2, 3),
(146, 1, '2015-08-07', 75, 2, 3),
(147, 1, '2015-08-06', 84, 2, 3),
(148, 1, '2015-08-05', 62, 2, 2),
(149, 1, '2015-08-04', 57, 2, 2),
(150, 1, '2015-08-03', 65, 2, 3),
(151, 1, '2015-08-02', 69, 2, 3),
(152, 1, '2015-08-01', 57, 2, 3),
(153, 1, '2015-07-31', 54, 2, 3),
(154, 1, '2015-07-30', 54, 2, 3),
(155, 1, '2015-07-29', 58, 2, 3),
(156, 1, '2015-07-28', 48, 1, 0),
(157, 1, '2015-07-27', 43, 1, 0),
(158, 1, '2015-07-26', 43, 1, 0),
(159, 1, '2015-07-25', 129, 3, 3),
(160, 1, '2015-07-24', 94, 2, 3),
(161, 1, '2015-07-23', 47, 1, 0),
(162, 1, '2015-07-22', 107, 3, 3),
(163, 1, '2015-07-21', 143, 3, 3),
(164, 1, '2015-07-20', 77, 2, 3),
(165, 1, '2015-07-19', 81, 2, 3),
(166, 1, '2015-07-18', 77, 2, 1),
(167, 1, '2015-07-17', 51, 2, 2),
(168, 1, '2015-07-16', 44, 1, 0),
(169, 1, '2015-07-15', 74, 2, 2),
(170, 1, '2015-07-14', 104, 3, 1),
(171, 1, '2015-07-13', 113, 3, 3),
(172, 1, '2015-07-12', 78, 2, 3),
(173, 1, '2015-07-11', 53, 2, 2),
(174, 1, '2015-07-10', 48, 1, 0),
(175, 1, '2015-07-09', 61, 2, 2),
(176, 1, '2015-07-08', 105, 3, 3),
(177, 1, '2015-07-07', 70, 2, 3),
(178, 1, '2015-07-06', 52, 2, 3),
(179, 1, '2015-07-05', 80, 2, 3),
(180, 1, '2015-07-04', 72, 2, 3),
(181, 1, '2015-07-03', 73, 2, 2),
(182, 1, '2015-07-02', 141, 3, 3),
(183, 1, '2015-07-01', 108, 3, 3),

-- --------------------------------------------------------

--
-- Table structure for table `aqi_pollutant`
--

CREATE TABLE `aqi_pollutant` (
  `id` int(11) NOT NULL,
  `name` varchar(50) NOT NULL
) ENGINE=InnoDB DEFAULT CHARSET=utf8;

--
-- Dumping data for table `aqi_pollutant`
--

INSERT INTO `aqi_pollutant` (`id`, `name`) VALUES
(1, 'PM2.5'),
(2, 'PM10'),
(3, '臭氧8小时');

-- --------------------------------------------------------

--
-- Table structure for table `aqi_rank`
--

CREATE TABLE `aqi_rank` (
  `id` int(11) NOT NULL,
  `name` varchar(50) NOT NULL
) ENGINE=InnoDB DEFAULT CHARSET=utf8;

--
-- Dumping data for table `aqi_rank`
--

INSERT INTO `aqi_rank` (`id`, `name`) VALUES
(1, '优'),
(2, '良'),
(3, '轻度污染'),
(4, '中度污染'),
(5, '重度污染'),
(6, '严重污染');

--
-- Indexes for dumped tables
--

--
-- Indexes for table `aqi_city`
--
ALTER TABLE `aqi_city`
  ADD PRIMARY KEY (`id`);

--
-- Indexes for table `aqi_data`
--
ALTER TABLE `aqi_data`
  ADD PRIMARY KEY (`id`);

--
-- Indexes for table `aqi_pollutant`
--
ALTER TABLE `aqi_pollutant`
  ADD PRIMARY KEY (`id`);

--
-- Indexes for table `aqi_rank`
--
ALTER TABLE `aqi_rank`
  ADD PRIMARY KEY (`id`);

--
-- AUTO_INCREMENT for dumped tables
--

--
-- AUTO_INCREMENT for table `aqi_data`
--
ALTER TABLE `aqi_data`
  MODIFY `id` int(11) NOT NULL AUTO_INCREMENT,AUTO_INCREMENT=185;